"id","likesCount","ownerProfilePicUrl","ownerUsername","postUrl","text","timestamp"
"18091309849451402","0","https://instagram.fcmn1-1.fna.fbcdn.net/v/t51.2885-19/27576341_771666163043126_7799224374002712576_n.jpg?stp=dst-jpg_s150x150&_nc_ht=instagram.fcmn1-1.fna.fbcdn.net&_nc_cat=102&_nc_ohc=YQRa5f40APoQ7kNvgGbHwYr&edm=AP_V10EBAAAA&ccb=7-5&oh=00_AYCCligftmJjDcucTqBWVExQHdHjF4NmJoOi5r-FKZebYQ&oe=66AD143F&_nc_sid=2999b8","dambachtale_schawale","https://www.instagram.com/p/C7ps0s5vaaP/","#elonbuywatercoin @the_bentrepreneur @water.solana","2024-07-10T12:03:26.000Z"
"17927617343914187","0","https://instagram.fcmn1-1.fna.fbcdn.net/v/t51.2885-19/351731064_2208238582899343_3616435453174445206_n.jpg?stp=dst-jpg_s150x150&_nc_ht=instagram.fcmn1-1.fna.fbcdn.net&_nc_cat=107&_nc_ohc=kpynmBAhXzUQ7kNvgHKUxXh&edm=AP_V10EBAAAA&ccb=7-5&oh=00_AYCJnw120tGlSG-9lRHPhFDLEaZxy00YGCI54LxPSbzc8Q&oe=66ACFE98&_nc_sid=2999b8","lifewiththefishers","https://www.instagram.com/p/C7ps0s5vaaP/","Man those are ugly 😂","2024-07-11T02:52:05.000Z"
"18013717589417270","0","https://instagram.fcmn1-4.fna.fbcdn.net/v/t51.2885-19/275944885_322508143196207_4629292865267017083_n.jpg?stp=dst-jpg_s150x150&_nc_ht=instagram.fcmn1-4.fna.fbcdn.net&_nc_cat=111&_nc_ohc=2SaieQs8eL0Q7kNvgFFx8cr&edm=AP_V10EBAAAA&ccb=7-5&oh=00_AYDJHjdSdlTmtUm004honp93KzIZqpSl6LiO92eJVIV6zw&oe=66AD22BC&_nc_sid=2999b8","hamidamjadiii","https://www.instagram.com/p/C7ps0s5vaaP/","جاروبرقی 😂","2024-07-11T10:27:38.000Z"
"18129468442357559","0","https://instagram.fcmn1-1.fna.fbcdn.net/v/t51.2885-19/450534905_2575290159345520_1217160524464240802_n.jpg?stp=dst-jpg_s150x150&_nc_ht=instagram.fcmn1-1.fna.fbcdn.net&_nc_cat=104&_nc_ohc=2Xh0xKX9pC8Q7kNvgGIm6v6&edm=AP_V10EBAAAA&ccb=7-5&oh=00_AYBbrt7jSx_1Zp7v4m830yjolRmNdhrMUQwkqKA3aRq0-g&oe=66ACFE33&_nc_sid=2999b8","tyoncybertruck21","https://www.instagram.com/p/C7ps0s5vaaP/","🔥🙌","2024-07-12T03:57:56.000Z"
"18012236465599441","0","https://instagram.fcmn1-4.fna.fbcdn.net/v/t51.2885-19/452328366_466964299630871_4258143506368689625_n.jpg?stp=dst-jpg_s150x150&_nc_ht=instagram.fcmn1-4.fna.fbcdn.net&_nc_cat=111&_nc_ohc=irXYn3d-CTsQ7kNvgFKtns_&edm=AP_V10EBAAAA&ccb=7-5&oh=00_AYAUD90FqKonCXusAS55looNqLgcdbACk0vzUhiHx9P-yA&oe=66AD104F&_nc_sid=2999b8","ariad.ff4","https://www.instagram.com/p/C7ps0s5vaaP/","😍😍","2024-07-12T06:33:25.000Z"
"17870537694136170","0","https://instagram.fcmn1-2.fna.fbcdn.net/v/t51.2885-19/412418939_2311901879003715_6969789248982070326_n.jpg?stp=dst-jpg_s150x150&_nc_ht=instagram.fcmn1-2.fna.fbcdn.net&_nc_cat=103&_nc_ohc=0BPi6Qr67BgQ7kNvgFS-keH&gid=2872eb31e80d4ab8963398237638b1e7&edm=AP_V10EBAAAA&ccb=7-5&oh=00_AYDD3DLdESyn4h0EkExZqdxFRvWLdDVK36zSpjOcvALSdQ&oe=66ACF708&_nc_sid=2999b8","_realomid_","https://www.instagram.com/p/C7ps0s5vaaP/","@benyamin_co.ir 🔥","2024-07-12T15:18:47.000Z"
"18442719379053192","0","https://instagram.fcmn1-3.fna.fbcdn.net/v/t51.2885-19/279403608_1262919764239369_5487883310844852630_n.jpg?stp=dst-jpg_s150x150&_nc_ht=instagram.fcmn1-3.fna.fbcdn.net&_nc_cat=101&_nc_ohc=kBmxsWpnOfkQ7kNvgFuRY-6&edm=AP_V10EBAAAA&ccb=7-5&oh=00_AYD4yy2TGoBS5qPkVQktOSSiHVIwL_C45DBEDEspkZm35A&oe=66AD1A4B&_nc_sid=2999b8","itz.rhmn","https://www.instagram.com/p/C7ps0s5vaaP/","I mean, some people like this pick up. Some don't, but everybody knows that the 1980 Toyota Pickup is the role model for very pickup after 1980. It is the undestructable and most relaiable Pick Up ever made. Even you, dear reader, know it.","2024-07-13T12:30:50.000Z"
"17954664878796168","0","https://instagram.fcmn1-1.fna.fbcdn.net/v/t51.2885-19/400598434_1684332012053164_1842973718791439977_n.jpg?stp=dst-jpg_s150x150&_nc_ht=instagram.fcmn1-1.fna.fbcdn.net&_nc_cat=104&_nc_ohc=VxVJQkg1BWoQ7kNvgFQBU7S&edm=AP_V10EBAAAA&ccb=7-5&oh=00_AYDKBEYVcNH5TnFf8fB0CpQd-M23L1o_HoPbRWFs7A-GgQ&oe=66ACFCE9&_nc_sid=2999b8","mattjones_anim_design","https://www.instagram.com/p/C7ps0s5vaaP/","These things look unbelievably stupid on the roads!","2024-07-17T15:38:39.000Z"
"18450857572052093","2","https://instagram.fcmn1-4.fna.fbcdn.net/v/t51.2885-19/235825582_534915697751039_5889275540999954887_n.jpg?stp=dst-jpg_s150x150&_nc_ht=instagram.fcmn1-4.fna.fbcdn.net&_nc_cat=111&_nc_ohc=sUp1C90jUIMQ7kNvgGLiBhx&edm=AP_V10EBAAAA&ccb=7-5&oh=00_AYC9AAxrUCFk7cKpyNynBJZduTIVEpB4lz36mvINdDU9CQ&oe=66AD1ED5&_nc_sid=2999b8","jan_michaud","https://www.instagram.com/p/C7ps0s5vaaP/","@nemet_amanda these are the cars I tried to explain but couldn’t the other day…","2024-07-17T22:19:17.000Z"
"18364968262099013","1","https://instagram.fcmn1-2.fna.fbcdn.net/v/t51.2885-19/274020245_324240046303008_2501579095869197402_n.jpg?stp=dst-jpg_s150x150&_nc_ht=instagram.fcmn1-2.fna.fbcdn.net&_nc_cat=100&_nc_ohc=dZ4EmchVJVgQ7kNvgHQUSJh&edm=AP_V10EBAAAA&ccb=7-5&oh=00_AYCQZ1UM132AsopyJ1MGc0FPqYVnk0d5OtJwuwTGNV1mEg&oe=66AD0492&_nc_sid=2999b8","nemet_amanda","https://www.instagram.com/p/C7ps0s5vaaP/","@jan_michaud that’s literally a robot! What the ?! 😳","2024-07-17T23:36:16.000Z"
"17929470785910124","0","https://instagram.fcmn1-1.fna.fbcdn.net/v/t51.2885-19/449319243_8017448051649055_2764282907320160482_n.jpg?stp=dst-jpg_s150x150&_nc_ht=instagram.fcmn1-1.fna.fbcdn.net&_nc_cat=107&_nc_ohc=g9QcMiKdizEQ7kNvgFu2pJO&edm=AP_V10EBAAAA&ccb=7-5&oh=00_AYCTwegBXzOpcUPsduXKjNp2ve3WjgBdiEEUY0J_vFA4KA&oe=66ACF470&_nc_sid=2999b8","xceo_elontes","https://www.instagram.com/p/C7ps0s5vaaP/","@klarachavarria you can become a owner of any Tesla model of your choice just message me","2024-07-18T07:28:48.000Z"
"17931598571880680","0","https://instagram.fcmn1-1.fna.fbcdn.net/v/t51.2885-19/448250498_767712885446248_6610707385106075261_n.jpg?stp=dst-jpg_s150x150&_nc_ht=instagram.fcmn1-1.fna.fbcdn.net&_nc_cat=104&_nc_ohc=9VPlW69XL4AQ7kNvgGC6CXI&edm=AP_V10EBAAAA&ccb=7-5&oh=00_AYCOzaIAr2hSY8uF6HNZKcHhMpKlbfGJO7QBE1W0LvjCkw&oe=66AD1970&_nc_sid=2999b8","brando_1111_","https://www.instagram.com/p/C7ps0s5vaaP/","Car is made from garbage","2024-07-18T13:04:17.000Z"
"18006712043562257","0","https://instagram.fcmn1-2.fna.fbcdn.net/v/t51.2885-19/448741968_2291939994471113_7821653252896669403_n.jpg?stp=dst-jpg_s150x150&_nc_ht=instagram.fcmn1-2.fna.fbcdn.net&_nc_cat=105&_nc_ohc=ZhMh7ybslNwQ7kNvgER5sP3&edm=AP_V10EBAAAA&ccb=7-5&oh=00_AYBcWRG7dn5roEi97uzCpLoc1FMRs-2hiojQ_8nNEPiYbg&oe=66AD0577&_nc_sid=2999b8","ceeeeelmaaaaaaaaa","https://www.instagram.com/p/C7ps0s5vaaP/","❤️❤️😍","2024-07-18T21:42:31.000Z"
"18027554249511197","0","https://instagram.fcmn1-2.fna.fbcdn.net/v/t51.2885-19/453001945_798976695557916_4865976930378241338_n.jpg?stp=dst-jpg_s150x150&_nc_ht=instagram.fcmn1-2.fna.fbcdn.net&_nc_cat=100&_nc_ohc=rQOlbIhajsYQ7kNvgGUKasQ&gid=2872eb31e80d4ab8963398237638b1e7&edm=AP_V10EBAAAA&ccb=7-5&oh=00_AYD3aMM4IRsy1_p2H9HXfgl6Crevw7u2_Zeyuj8DyYYCww&oe=66AD217F&_nc_sid=2999b8","oynbogkogy","https://www.instagram.com/p/C7ps0s5vaaP/","Co-branding with Transformers 🔥😍","2024-07-19T05:35:13.000Z"
"18052176511688900","0","https://instagram.fcmn1-4.fna.fbcdn.net/v/t51.2885-19/452594725_498288929255598_8678385818569907464_n.jpg?stp=dst-jpg_s150x150&_nc_ht=instagram.fcmn1-4.fna.fbcdn.net&_nc_cat=106&_nc_ohc=jbT16Gd_tcoQ7kNvgENLf7o&edm=AP_V10EBAAAA&ccb=7-5&oh=00_AYDlNy2lJXCW9GO85lkwiDyR9-NcJKdrxK-JywaBJrUc6g&oe=66AD06AE&_nc_sid=2999b8","n_g_lxa","https://www.instagram.com/p/C7ps0s5vaaP/","THIS IS THE MOST DISGUSTING THING I EVER SEEN IN MY LIFE BAHHH","2024-07-20T12:07:43.000Z"
"18050361043795517","0","https://instagram.fcmn1-4.fna.fbcdn.net/v/t51.2885-19/450367110_1171918227292602_8397916944007564329_n.jpg?stp=dst-jpg_s150x150&_nc_ht=instagram.fcmn1-4.fna.fbcdn.net&_nc_cat=106&_nc_ohc=d1rinB3RRKAQ7kNvgE_q8lK&edm=AP_V10EBAAAA&ccb=7-5&oh=00_AYDLbVUcONtT3vwgejaj19G1q0N3InDv2xvhF_8pU6hE8Q&oe=66AD099F&_nc_sid=2999b8","_.urko","https://www.instagram.com/p/C7ps0s5vaaP/","","2024-07-20T20:46:58.000Z"
"18058278016714624","0","https://instagram.fcmn1-4.fna.fbcdn.net/v/t51.2885-19/433268800_430953632681446_4989402346032394498_n.jpg?stp=dst-jpg_s150x150&_nc_ht=instagram.fcmn1-4.fna.fbcdn.net&_nc_cat=110&_nc_ohc=DvoB7yJQmE4Q7kNvgFJ0qe8&edm=AP_V10EBAAAA&ccb=7-5&oh=00_AYC5WUaBElE1PGJxMZQHsl3egAkyox39BCUg2Be6s_z68g&oe=66ACF77B&_nc_sid=2999b8","devender__.06","https://www.instagram.com/p/C7ps0s5vaaP/","Buy this car 🙌","2024-07-22T12:20:56.000Z"
"18028450352325950","0","https://instagram.fcmn1-4.fna.fbcdn.net/v/t51.2885-19/433268800_430953632681446_4989402346032394498_n.jpg?stp=dst-jpg_s150x150&_nc_ht=instagram.fcmn1-4.fna.fbcdn.net&_nc_cat=110&_nc_ohc=DvoB7yJQmE4Q7kNvgFJ0qe8&edm=AP_V10EBAAAA&ccb=7-5&oh=00_AYC5WUaBElE1PGJxMZQHsl3egAkyox39BCUg2Be6s_z68g&oe=66ACF77B&_nc_sid=2999b8","devender__.06","https://www.instagram.com/p/C7ps0s5vaaP/","Mujha ye gadi Leni hai kaha milegi 🙌","2024-07-22T12:21:25.000Z"
"17865914382169746","0","https://instagram.fcmn1-4.fna.fbcdn.net/v/t51.2885-19/448829414_1186900632747083_1805826012786029277_n.jpg?stp=dst-jpg_s150x150&_nc_ht=instagram.fcmn1-4.fna.fbcdn.net&_nc_cat=111&_nc_ohc=ojde2dtRDlAQ7kNvgEQ97zx&edm=AP_V10EBAAAA&ccb=7-5&oh=00_AYBTZx_jmJh6XV2KG6ufZk1zsYOOa5Be8hjY2Uxbssb98w&oe=66ACF7AF&_nc_sid=2999b8","mayaraabranches","https://www.instagram.com/p/C7ps0s5vaaP/","🔥","2024-07-22T14:27:28.000Z"
"18035285675313700","0","https://instagram.fcmn1-2.fna.fbcdn.net/v/t51.2885-19/453133389_1190454972087240_6033807094895636050_n.jpg?stp=dst-jpg_s150x150&_nc_ht=instagram.fcmn1-2.fna.fbcdn.net&_nc_cat=100&_nc_ohc=GDevSQBgKwQQ7kNvgFO56ih&edm=AP_V10EBAAAA&ccb=7-5&oh=00_AYCz1PeNNspu26LcmgGJqOa7lc38_hchecEsbHS9KMEMHw&oe=66AD0C11&_nc_sid=2999b8","el_pollo_salazar1","https://www.instagram.com/p/C7ps0s5vaaP/","🔥🔥🔥","2024-07-22T22:31:27.000Z"
"18132041422351556","0","https://instagram.fcmn1-4.fna.fbcdn.net/v/t51.2885-19/452258604_364278223171964_299415227763370729_n.jpg?stp=dst-jpg_s150x150&_nc_ht=instagram.fcmn1-4.fna.fbcdn.net&_nc_cat=108&_nc_ohc=c2v8TvcAT7oQ7kNvgHPluwl&edm=AP_V10EBAAAA&ccb=7-5&oh=00_AYCrFeJtQcrDeyFmRDxUsYCR3Eob7Bdhmno_cmaNvLFnTg&oe=66AD0786&_nc_sid=2999b8","fortnitepronabbo014","https://www.instagram.com/p/C7ps0s5vaaP/","Is the car of fortnite","2024-07-23T09:24:54.000Z"
"17980720775581998","0","https://instagram.fcmn1-2.fna.fbcdn.net/v/t51.2885-19/314549845_124875306876077_6534053861066523332_n.jpg?stp=dst-jpg_s150x150&_nc_ht=instagram.fcmn1-2.fna.fbcdn.net&_nc_cat=105&_nc_ohc=6h-FJoePiYYQ7kNvgGc0oF-&edm=AP_V10EBAAAA&ccb=7-5&oh=00_AYADeIW5dqqE4MQxwVCsA2i0KcvFSjpbvBVJSVnUP1HH_Q&oe=66AD21E7&_nc_sid=2999b8","jeovamarquesmarques","https://www.instagram.com/p/C7ps0s5vaaP/","Tô aqui também..kkkk em todas as empresas desse homem eu tô aqui falando besteira 😂😂😂😂😂😂😂","2024-07-24T00:53:56.000Z"
"18305012419087990","0","https://instagram.fcmn1-4.fna.fbcdn.net/v/t51.2885-19/450511110_1161421561802398_2778039616214552399_n.jpg?stp=dst-jpg_s150x150&_nc_ht=instagram.fcmn1-4.fna.fbcdn.net&_nc_cat=110&_nc_ohc=cgZOTNG_-sgQ7kNvgFbMMbC&edm=AP_V10EBAAAA&ccb=7-5&oh=00_AYC36uuGxPhg1z7RBzsQjlR8Dt1_mJzdQr2dW_Y-DCXZvg&oe=66AD1AFB&_nc_sid=2999b8","eddy_busfield","https://www.instagram.com/p/C7ps0s5vaaP/","@charltoncal3","2024-07-24T06:27:03.000Z"
"17966322398772154","0","https://instagram.fcmn1-3.fna.fbcdn.net/v/t51.2885-19/452081829_494760803027869_8141119709479270868_n.jpg?stp=dst-jpg_s150x150&_nc_ht=instagram.fcmn1-3.fna.fbcdn.net&_nc_cat=101&_nc_ohc=9VPlJlUNSyYQ7kNvgHgmCpE&edm=AP_V10EBAAAA&ccb=7-5&oh=00_AYBRhIdHsn9tXjniw9P7fn58m2SrahN8hFBBRJ0oEgmekQ&oe=66AD12CB&_nc_sid=2999b8","lina_kina","https://www.instagram.com/p/C7ps0s5vaaP/","It’s fantastic car!😍","2024-07-24T15:38:37.000Z"
"18260853424217114","0","https://instagram.fcmn1-4.fna.fbcdn.net/v/t51.2885-19/451762469_456622490588300_2191469262157843230_n.jpg?stp=dst-jpg_s150x150&_nc_ht=instagram.fcmn1-4.fna.fbcdn.net&_nc_cat=108&_nc_ohc=gCS5CMV6JT4Q7kNvgE93byW&edm=AP_V10EBAAAA&ccb=7-5&oh=00_AYCH1KBZ3mnVgTmTQ6t0S9GQDEOxVvk5SaEuB45Dwz54yg&oe=66AD0BD9&_nc_sid=2999b8","erikton2","https://www.instagram.com/p/C7ps0s5vaaP/","🔥🙌❤️","2024-07-24T21:55:32.000Z"
"18054823267679496","0","https://instagram.fcmn1-4.fna.fbcdn.net/v/t51.2885-19/434743789_1162903891354954_8061915966396284078_n.jpg?stp=dst-jpg_s150x150&_nc_ht=instagram.fcmn1-4.fna.fbcdn.net&_nc_cat=110&_nc_ohc=oNsR74Qf-RsQ7kNvgFqtQCA&edm=AP_V10EBAAAA&ccb=7-5&oh=00_AYBLiM08plOMwjdekFWDQF9Vkkz4tcevidRiikQpDmlQsA&oe=66AD176E&_nc_sid=2999b8","dtx_85","https://www.instagram.com/p/C7ps0s5vaaP/","This is not the real motor","2024-07-24T22:39:54.000Z"
"17871722175116050","0","https://instagram.fcmn1-4.fna.fbcdn.net/v/t51.2885-19/434760179_7344954675559146_1738268890592395675_n.jpg?stp=dst-jpg_s150x150&_nc_ht=instagram.fcmn1-4.fna.fbcdn.net&_nc_cat=106&_nc_ohc=d15az49vtkkQ7kNvgFon6Kh&edm=AP_V10EBAAAA&ccb=7-5&oh=00_AYC-PFJvn2RRFT5hWTmdEbQLVl8FgXs9WgUDqnW7WZDFxg&oe=66ACFA90&_nc_sid=2999b8","yourfavvzachh","https://www.instagram.com/p/C7ps0s5vaaP/","i want this car so baddd ❤️❤️","2024-07-25T02:17:31.000Z"
"18026270636263446","0","https://instagram.fcmn1-1.fna.fbcdn.net/v/t51.2885-19/452533395_472427428730858_6905115054269790321_n.jpg?stp=dst-jpg_s150x150&_nc_ht=instagram.fcmn1-1.fna.fbcdn.net&_nc_cat=102&_nc_ohc=QcqTyB8RK8cQ7kNvgGPfqRy&edm=AP_V10EBAAAA&ccb=7-5&oh=00_AYA0xZaVc4xU0gAnEpynhiaUQchqHfyxqCjPkSkIcDRynA&oe=66AD144F&_nc_sid=2999b8","cybertruck_travel","https://www.instagram.com/p/C7ps0s5vaaP/","I just got one","2024-07-25T16:51:31.000Z"
"17909532863990019","0","https://instagram.fcmn1-2.fna.fbcdn.net/v/t51.2885-19/311590650_2017400098458771_5264754379036939321_n.jpg?stp=dst-jpg_s150x150&_nc_ht=instagram.fcmn1-2.fna.fbcdn.net&_nc_cat=103&_nc_ohc=uGzN0koU7eQQ7kNvgGABuQl&edm=AP_V10EBAAAA&ccb=7-5&oh=00_AYCm5O14fDtzY4av0089zHeVyedoN1iMeIx1RbyXgxL9fQ&oe=66AD0456&_nc_sid=2999b8","jamesrn00","https://www.instagram.com/p/C7ps0s5vaaP/","Dumpster","2024-07-26T02:11:36.000Z"
"18052592533702945","0","https://instagram.fcmn1-2.fna.fbcdn.net/v/t51.2885-19/453126748_473360398648236_1746374666949305210_n.jpg?stp=dst-jpg_s150x150&_nc_ht=instagram.fcmn1-2.fna.fbcdn.net&_nc_cat=100&_nc_ohc=jsZ_EUbLfqIQ7kNvgFWocTI&edm=AP_V10EBAAAA&ccb=7-5&oh=00_AYDaHBLh7KwvyAGnp6K8GixTY1qaTkscU6GvI9PAXMa24A&oe=66ACF89C&_nc_sid=2999b8","lesphinxx","https://www.instagram.com/p/C7ps0s5vaaP/","This company will fail  for supporting genocide.","2024-07-26T03:13:34.000Z"
"18042688519919827","0","https://instagram.fcmn1-1.fna.fbcdn.net/v/t51.2885-19/126968376_215116573305751_5435470446148762523_n.jpg?stp=dst-jpg_s150x150&_nc_ht=instagram.fcmn1-1.fna.fbcdn.net&_nc_cat=107&_nc_ohc=QPadXj2tVj8Q7kNvgFpyvKY&edm=AP_V10EBAAAA&ccb=7-5&oh=00_AYDvdWydOWZGVSKJzbPflBZzUfamat8irbARQzdnRd-6-A&oe=66AD2803&_nc_sid=2999b8","imroinvestment","https://www.instagram.com/p/C7ps0s5vaaP/","Boycott murders!!!!","2024-07-26T10:01:16.000Z"
"17999734670638439","0","https://instagram.fcmn1-1.fna.fbcdn.net/v/t51.2885-19/453214177_938174198321800_7856770125497705776_n.jpg?stp=dst-jpg_s150x150&_nc_ht=instagram.fcmn1-1.fna.fbcdn.net&_nc_cat=104&_nc_ohc=xC-gW2scM3gQ7kNvgHFPulm&edm=AP_V10EBAAAA&ccb=7-5&oh=00_AYDwnPoHc0xs24Y7jFCib3yIkpN7unMl2w4ZClDJs_-2cQ&oe=66ACF56E&_nc_sid=2999b8","jesse.heaven00","https://www.instagram.com/p/C7ps0s5vaaP/","Where is the x insta ?","2024-07-27T03:35:24.000Z"
"18001435211458929","0","https://instagram.fcmn1-3.fna.fbcdn.net/v/t51.2885-19/453273837_300427859761369_4520292733699414872_n.jpg?stp=dst-jpg_s150x150&_nc_ht=instagram.fcmn1-3.fna.fbcdn.net&_nc_cat=101&_nc_ohc=0FA1f7KAbfIQ7kNvgG8_ABs&edm=AP_V10EBAAAA&ccb=7-5&oh=00_AYC66gR6OhVfkBIwQOzkw9IpWbYqb2SxWrft13pMqMw4Hg&oe=66ACFE68&_nc_sid=2999b8","robertotafoyagonzalez","https://www.instagram.com/p/C7ps0s5vaaP/","Cibertruk la tender en automóviles❤️","2024-07-27T18:47:44.000Z"
"18441351430035883","1","https://scontent-dfw5-2.cdninstagram.com/v/t51.2885-19/434863856_332613459795438_8951072215390998816_n.jpg?stp=dst-jpg_s150x150&_nc_ht=scontent-dfw5-2.cdninstagram.com&_nc_cat=106&_nc_ohc=WOlPVVVBHQ0Q7kNvgGhuh6B&edm=AP_V10EBAAAA&ccb=7-5&oh=00_AYALaziqHOS0WrjYRBLdWRPcMtwEaiH7FBztooXO7mPicw&oe=66AD203A&_nc_sid=2999b8","tayseer_rama","https://www.instagram.com/p/C9Qqds4Slgp/","@tayseer_rama IN BERLIN","2024-07-27T12:37:52.000Z"
"17917167089859003","0","https://instagram.fcgh28-1.fna.fbcdn.net/v/t51.2885-19/44884218_345707102882519_2446069589734326272_n.jpg?_nc_ht=instagram.fcgh28-1.fna.fbcdn.net&_nc_cat=1&_nc_ohc=SVhEq2cnGDoQ7kNvgHQ-L79&edm=AJgCAUABAAAA&ccb=7-5&ig_cache_key=YW5vbnltb3VzX3Byb2ZpbGVfcGlj.2-ccb7-5&oh=00_AYBnrIKtUKE2G3s0m6hPUjdoj4IvNSydjNOLesah5Mt1jQ&oe=66AD220F&_nc_sid=f93d1f","mr._.tom._.005_","https://www.instagram.com/p/C9Qqds4Slgp/","@khushll❤️@poonambajwa555🔥 @dhivya__duraisamy 💐@_sugar_lips._🤌🏻 @rin_krish🛐 ur company properties 😍😂","2024-07-27T12:59:52.000Z"
"17932437899877892","0","https://scontent-dfw5-1.cdninstagram.com/v/t51.2885-19/432983092_770277258062511_4538422734475532031_n.jpg?stp=dst-jpg_s150x150&_nc_ht=scontent-dfw5-1.cdninstagram.com&_nc_cat=103&_nc_ohc=dvXOjdDtgbcQ7kNvgEkOK2u&gid=835b6e89efa341d09561bc3770367421&edm=AP_V10EBAAAA&ccb=7-5&oh=00_AYA1O-ZEKUTvYyP-UR1DPki6xN23qpeSEyJnrQ_fkTXaiw&oe=66AD19D8&_nc_sid=2999b8","dr_hammer","https://www.instagram.com/p/C9Qqds4Slgp/","I wouldn’t drive one of these vehicles if it were free and you paid me to drive it.","2024-07-27T13:05:50.000Z"
"18114552742382955","0","https://scontent-dfw5-1.cdninstagram.com/v/t51.2885-19/451079686_1316664505975839_1680619547302328657_n.jpg?stp=dst-jpg_s150x150&_nc_ht=scontent-dfw5-1.cdninstagram.com&_nc_cat=103&_nc_ohc=LhLpGZsbb64Q7kNvgHvZcbA&edm=AP_V10EBAAAA&ccb=7-5&oh=00_AYABCx8JsavTY5hPs73E7t-lAu9nQt41_DQU-Ltxv1ozdA&oe=66AD2666&_nc_sid=2999b8","realmenteduran_pty","https://www.instagram.com/p/C9Qqds4Slgp/","👉🏼🇵🇦👉🏼🇵🇦👉🏼🇵🇦Panamá","2024-07-27T14:21:49.000Z"
"18041808763777997","0","https://scontent-dfw5-2.cdninstagram.com/v/t51.2885-19/447171049_3886096774955563_6322457832863249632_n.jpg?stp=dst-jpg_s150x150&_nc_ht=scontent-dfw5-2.cdninstagram.com&_nc_cat=107&_nc_ohc=DLcT09X43osQ7kNvgEv1zEf&edm=AP_V10EBAAAA&ccb=7-5&oh=00_AYAPk6SzUEn-j29uy15JXwdBpjKmYma2uApcZUmwAsxLNw&oe=66AD0EF5&_nc_sid=2999b8","juniooorpty","https://www.instagram.com/p/C9Qqds4Slgp/","🇵🇦🇵🇦🇵🇦🇵🇦🇵🇦🇵🇦🇵🇦","2024-07-27T15:00:27.000Z"
"18346247485142679","0","https://scontent-dfw5-2.cdninstagram.com/v/t51.2885-19/432114945_1056685735440460_7760198612883848372_n.jpg?stp=dst-jpg_s150x150&_nc_ht=scontent-dfw5-2.cdninstagram.com&_nc_cat=104&_nc_ohc=JsP00hkxqXUQ7kNvgEgq4eH&edm=AP_V10EBAAAA&ccb=7-5&oh=00_AYC82C81XBZ_EKbi3g5CJNM2elAOirr7yGfFFy6UpLLN7w&oe=66ACF5CF&_nc_sid=2999b8","russaschka","https://www.instagram.com/p/C9Qqds4Slgp/","Tesla complicit in genocide, boycott this shit named tesla and boycott Elon musk. Free Palestine 🇵🇸","2024-07-27T17:18:06.000Z"
"17887182948072640","0","https://scontent-dfw5-2.cdninstagram.com/v/t51.2885-19/449688364_1051760739880094_804066694328919852_n.jpg?stp=dst-jpg_s150x150&_nc_ht=scontent-dfw5-2.cdninstagram.com&_nc_cat=102&_nc_ohc=nBRfgP6NqCMQ7kNvgF8etH0&edm=AP_V10EBAAAA&ccb=7-5&oh=00_AYDFfQFH4bC1U327Y-z2rjfZU1rZxpZ-dWQbHyJzgGwqKA&oe=66AD2056&_nc_sid=2999b8","cxshmoney._103","https://www.instagram.com/p/C9Qqds4Slgp/","I hate y'all cause y'all the reason why electric cars gonna take over in the future","2024-07-27T17:31:21.000Z"
"18047362540881165","3","https://scontent-dfw5-2.cdninstagram.com/v/t51.2885-19/434863856_332613459795438_8951072215390998816_n.jpg?stp=dst-jpg_s150x150&_nc_ht=scontent-dfw5-2.cdninstagram.com&_nc_cat=106&_nc_ohc=WOlPVVVBHQ0Q7kNvgGhuh6B&edm=AP_V10EBAAAA&ccb=7-5&oh=00_AYALaziqHOS0WrjYRBLdWRPcMtwEaiH7FBztooXO7mPicw&oe=66AD203A&_nc_sid=2999b8","tayseer_rama","https://www.instagram.com/p/C9Qqds4Slgp/","BOYCOTT ELON MASK HIMSELF","2024-07-27T18:09:13.000Z"
"18040744312799159","0","https://scontent-dfw5-1.cdninstagram.com/v/t51.2885-19/443901148_429437093285369_4688231238417309893_n.jpg?stp=dst-jpg_s150x150&_nc_ht=scontent-dfw5-1.cdninstagram.com&_nc_cat=105&_nc_ohc=IqHXz_oPyfoQ7kNvgGvNoVJ&edm=AP_V10EBAAAA&ccb=7-5&oh=00_AYBqIDw3-KL0XbsA-MZfbnhxJLCYeadoJxISNmaMlP1lzg&oe=66AD037F&_nc_sid=2999b8","chef_rah88","https://www.instagram.com/p/C9Qqds4Slgp/","#BoycottTesla Making Fun Of Blck Folk But Want They Money and We didn't forget what yall did to Jcole 🖤💚❤️","2024-07-27T19:05:54.000Z"
"18133248277352315","0","https://scontent-dfw5-1.cdninstagram.com/v/t51.2885-19/453183298_1032949684850077_4357542776486612801_n.jpg?stp=dst-jpg_s150x150&_nc_ht=scontent-dfw5-1.cdninstagram.com&_nc_cat=101&_nc_ohc=1gd1P4yXl5EQ7kNvgFa0lKD&edm=AP_V10EBAAAA&ccb=7-5&oh=00_AYDktQfuNCPJ1-YChDIc3YHnjygXONR4TjLQts34sZ_UFw&oe=66AD075A&_nc_sid=2999b8","tyebln","https://www.instagram.com/p/C9Qqds4Slgp/","@w.adeyeye except Germany","2024-07-27T19:37:42.000Z"
"18013410623591736","0","https://scontent-dfw5-1.cdninstagram.com/v/t51.2885-19/453170375_367289883067373_8104898507645864765_n.jpg?stp=dst-jpg_s150x150&_nc_ht=scontent-dfw5-1.cdninstagram.com&_nc_cat=105&_nc_ohc=Z8FpFwp7rZMQ7kNvgGlzqsw&edm=AP_V10EBAAAA&ccb=7-5&oh=00_AYCDEZUfALfSTX8DevssCYn49jollkGQxTLp3iGYl2PHjA&oe=66ACFFA0&_nc_sid=2999b8","khan_aamir111","https://www.instagram.com/p/C9Qqds4Slgp/","#boycotttesla","2024-07-27T20:16:42.000Z"
"18058942177718092","0","https://scontent-dfw5-2.cdninstagram.com/v/t51.2885-19/387268328_330976022942476_382722185353771865_n.jpg?stp=dst-jpg_s150x150&_nc_ht=scontent-dfw5-2.cdninstagram.com&_nc_cat=104&_nc_ohc=fQGCuDk3sJUQ7kNvgHmW0gY&edm=AP_V10EBAAAA&ccb=7-5&oh=00_AYDxApbb-J3xraK0ITjpeGc2c8RIVRE57MSUnoRHkKIxkA&oe=66AD120F&_nc_sid=2999b8","lola_may_90","https://www.instagram.com/p/C9Qqds4Slgp/","","2024-07-27T20:34:25.000Z"
"18068298373561040","0","https://scontent-dfw5-2.cdninstagram.com/v/t51.2885-19/387268328_330976022942476_382722185353771865_n.jpg?stp=dst-jpg_s150x150&_nc_ht=scontent-dfw5-2.cdninstagram.com&_nc_cat=104&_nc_ohc=fQGCuDk3sJUQ7kNvgHmW0gY&edm=AP_V10EBAAAA&ccb=7-5&oh=00_AYDxApbb-J3xraK0ITjpeGc2c8RIVRE57MSUnoRHkKIxkA&oe=66AD120F&_nc_sid=2999b8","lola_may_90","https://www.instagram.com/p/C9Qqds4Slgp/","","2024-07-27T20:34:38.000Z"
"18041235085795367","0","https://scontent-dfw5-2.cdninstagram.com/v/t51.2885-19/387268328_330976022942476_382722185353771865_n.jpg?stp=dst-jpg_s150x150&_nc_ht=scontent-dfw5-2.cdninstagram.com&_nc_cat=104&_nc_ohc=fQGCuDk3sJUQ7kNvgHmW0gY&edm=AP_V10EBAAAA&ccb=7-5&oh=00_AYDxApbb-J3xraK0ITjpeGc2c8RIVRE57MSUnoRHkKIxkA&oe=66AD120F&_nc_sid=2999b8","lola_may_90","https://www.instagram.com/p/C9Qqds4Slgp/","","2024-07-27T20:35:10.000Z"
"17890190646063527","0","https://scontent-dfw5-2.cdninstagram.com/v/t51.2885-19/420115606_363684483076406_2325019062399934129_n.jpg?stp=dst-jpg_s150x150&_nc_ht=scontent-dfw5-2.cdninstagram.com&_nc_cat=102&_nc_ohc=mq_yAsEkrNUQ7kNvgFylKXZ&edm=AP_V10EBAAAA&ccb=7-5&oh=00_AYAnRGd8_379ro_EusAkMc8Z1HzPPEqDZc-zQXDRTfRPVQ&oe=66ACF41F&_nc_sid=2999b8","savemeapollo","https://www.instagram.com/p/C9Qqds4Slgp/","You’re not a good man","2024-07-27T22:33:07.000Z"
"18347338723141848","0","https://scontent-dfw5-2.cdninstagram.com/v/t51.2885-19/420115606_363684483076406_2325019062399934129_n.jpg?stp=dst-jpg_s150x150&_nc_ht=scontent-dfw5-2.cdninstagram.com&_nc_cat=102&_nc_ohc=mq_yAsEkrNUQ7kNvgFylKXZ&edm=AP_V10EBAAAA&ccb=7-5&oh=00_AYAnRGd8_379ro_EusAkMc8Z1HzPPEqDZc-zQXDRTfRPVQ&oe=66ACF41F&_nc_sid=2999b8","savemeapollo","https://www.instagram.com/p/C9Qqds4Slgp/","Not supporting Tesla","2024-07-27T22:33:14.000Z"
"17844487074260973","0","https://scontent-dfw5-1.cdninstagram.com/v/t51.2885-19/453007141_797162879294615_3845490538111746290_n.jpg?stp=dst-jpg_s150x150&_nc_ht=scontent-dfw5-1.cdninstagram.com&_nc_cat=111&_nc_ohc=ch_UkmWPNtYQ7kNvgFAeAe3&edm=AP_V10EBAAAA&ccb=7-5&oh=00_AYBscJjSW1wHGnYX2mlbQusw8-DPEUR-jpui7k-3u5Z4AQ&oe=66ACF2C7&_nc_sid=2999b8","iamarkoficial","https://www.instagram.com/p/C9Qqds4Slgp/","Hello, go to my page and see a new Disney Pixar drawing using the Tesla car and Elon","2024-07-28T00:01:35.000Z"
"18305951335090698","0","https://scontent-dfw5-2.cdninstagram.com/v/t51.2885-19/452003483_507924178444816_4098314182237527299_n.jpg?stp=dst-jpg_s150x150&_nc_ht=scontent-dfw5-2.cdninstagram.com&_nc_cat=104&_nc_ohc=NPu-pWcTX28Q7kNvgEDcZOU&edm=AP_V10EBAAAA&ccb=7-5&oh=00_AYBohb8xde_2schlKGDd1SStrKOuD63jVtRO1_JVLEHhQQ&oe=66AD2736&_nc_sid=2999b8","black_afg_01","https://www.instagram.com/p/C9Qqds4Slgp/","","2024-07-28T01:50:43.000Z"
"17898665874019565","0","https://scontent-dfw5-2.cdninstagram.com/v/t51.2885-19/452003483_507924178444816_4098314182237527299_n.jpg?stp=dst-jpg_s150x150&_nc_ht=scontent-dfw5-2.cdninstagram.com&_nc_cat=104&_nc_ohc=NPu-pWcTX28Q7kNvgEDcZOU&edm=AP_V10EBAAAA&ccb=7-5&oh=00_AYBohb8xde_2schlKGDd1SStrKOuD63jVtRO1_JVLEHhQQ&oe=66AD2736&_nc_sid=2999b8","black_afg_01","https://www.instagram.com/p/C9Qqds4Slgp/","@boymom.jess hamas also murdered innocent children on October 7th how you don’t remember that","2024-07-28T01:52:24.000Z"
"18033226274479027","0","https://scontent-dfw5-2.cdninstagram.com/v/t51.2885-19/452003483_507924178444816_4098314182237527299_n.jpg?stp=dst-jpg_s150x150&_nc_ht=scontent-dfw5-2.cdninstagram.com&_nc_cat=104&_nc_ohc=NPu-pWcTX28Q7kNvgEDcZOU&edm=AP_V10EBAAAA&ccb=7-5&oh=00_AYBohb8xde_2schlKGDd1SStrKOuD63jVtRO1_JVLEHhQQ&oe=66AD2736&_nc_sid=2999b8","black_afg_01","https://www.instagram.com/p/C9Qqds4Slgp/","@dianahh_mwah I stand with Israel 🇮🇱❤️","2024-07-28T01:53:00.000Z"
"18042972190757477","0","https://scontent-dfw5-2.cdninstagram.com/v/t51.2885-19/452003483_507924178444816_4098314182237527299_n.jpg?stp=dst-jpg_s150x150&_nc_ht=scontent-dfw5-2.cdninstagram.com&_nc_cat=104&_nc_ohc=NPu-pWcTX28Q7kNvgEDcZOU&edm=AP_V10EBAAAA&ccb=7-5&oh=00_AYBohb8xde_2schlKGDd1SStrKOuD63jVtRO1_JVLEHhQQ&oe=66AD2736&_nc_sid=2999b8","black_afg_01","https://www.instagram.com/p/C9Qqds4Slgp/","@tayseer_rama i stand with Israel 🇮🇱❤️","2024-07-28T01:53:46.000Z"
"17871546549139159","0","https://scontent-dfw5-2.cdninstagram.com/v/t51.2885-19/452003483_507924178444816_4098314182237527299_n.jpg?stp=dst-jpg_s150x150&_nc_ht=scontent-dfw5-2.cdninstagram.com&_nc_cat=104&_nc_ohc=NPu-pWcTX28Q7kNvgEDcZOU&edm=AP_V10EBAAAA&ccb=7-5&oh=00_AYBohb8xde_2schlKGDd1SStrKOuD63jVtRO1_JVLEHhQQ&oe=66AD2736&_nc_sid=2999b8","black_afg_01","https://www.instagram.com/p/C9Qqds4Slgp/","@anaya_wajdan88 🇮🇱❤️","2024-07-28T01:54:05.000Z"
"17966397167641986","0","https://scontent-dfw5-2.cdninstagram.com/v/t51.2885-19/452003483_507924178444816_4098314182237527299_n.jpg?stp=dst-jpg_s150x150&_nc_ht=scontent-dfw5-2.cdninstagram.com&_nc_cat=104&_nc_ohc=NPu-pWcTX28Q7kNvgEDcZOU&edm=AP_V10EBAAAA&ccb=7-5&oh=00_AYBohb8xde_2schlKGDd1SStrKOuD63jVtRO1_JVLEHhQQ&oe=66AD2736&_nc_sid=2999b8","black_afg_01","https://www.instagram.com/p/C9Qqds4Slgp/","@dorisqp 🇮🇱❤️","2024-07-28T01:54:45.000Z"
"18305804422091716","0","https://scontent-dfw5-2.cdninstagram.com/v/t51.2885-19/452003483_507924178444816_4098314182237527299_n.jpg?stp=dst-jpg_s150x150&_nc_ht=scontent-dfw5-2.cdninstagram.com&_nc_cat=104&_nc_ohc=NPu-pWcTX28Q7kNvgEDcZOU&edm=AP_V10EBAAAA&ccb=7-5&oh=00_AYBohb8xde_2schlKGDd1SStrKOuD63jVtRO1_JVLEHhQQ&oe=66AD2736&_nc_sid=2999b8","black_afg_01","https://www.instagram.com/p/C9Qqds4Slgp/","hamas","2024-07-28T01:54:57.000Z"
"18297322540160432","0","https://scontent-dfw5-1.cdninstagram.com/v/t51.2885-19/407530843_732722468240806_8503539982134121564_n.jpg?stp=dst-jpg_s150x150&_nc_ht=scontent-dfw5-1.cdninstagram.com&_nc_cat=110&_nc_ohc=35U2xdnCPOYQ7kNvgHp-i1N&edm=AP_V10EBAAAA&ccb=7-5&oh=00_AYAZgS06tH4ycyawmbiR85PPUgY0lYL3fPt6ek_1qzTk9Q&oe=66AD13CD&_nc_sid=2999b8","steph.anie2305","https://www.instagram.com/p/C9Qqds4Slgp/","🇵🇸🇵🇸🇵🇸 #boycottesla","2024-07-28T02:54:58.000Z"
"18017956442378735","1","https://scontent-dfw5-2.cdninstagram.com/v/t51.2885-19/421705522_915051853439078_485224770624662860_n.jpg?stp=dst-jpg_s150x150&_nc_ht=scontent-dfw5-2.cdninstagram.com&_nc_cat=102&_nc_ohc=6Go3vYKhhZUQ7kNvgFJUy77&edm=AP_V10EBAAAA&ccb=7-5&oh=00_AYA0PaqSillTXO--OkRD96gcC9C4jN6cj1ge6qN4QEyOfw&oe=66AD21FB&_nc_sid=2999b8","dianahh_mwah","https://www.instagram.com/p/C9Qqds4Slgp/","@black_afg_01 👏Great your added to the list of FOOLS 😂","2024-07-28T05:52:57.000Z"
"18016198730523387","0","https://scontent-dfw5-2.cdninstagram.com/v/t51.2885-19/411864598_888576869368324_278831547705897016_n.jpg?stp=dst-jpg_s150x150&_nc_ht=scontent-dfw5-2.cdninstagram.com&_nc_cat=104&_nc_ohc=zn28m0eOJIkQ7kNvgGzkKVa&edm=AP_V10EBAAAA&ccb=7-5&oh=00_AYDoqT0GvxHaTCTZXW17i2G2WeSCa0oBCboBuTxjtgexyg&oe=66AD1ABC&_nc_sid=2999b8","masirfantasy","https://www.instagram.com/p/C9Qqds4Slgp/","Musk is puppet of Israel","2024-07-28T08:57:42.000Z"
"17948589698710729","1","https://scontent-dfw5-1.cdninstagram.com/v/t51.2885-19/449511918_1612228452956739_4320628608808319895_n.jpg?stp=dst-jpg_s150x150&_nc_ht=scontent-dfw5-1.cdninstagram.com&_nc_cat=103&_nc_ohc=ljkkk1BDN74Q7kNvgHlVCP_&edm=AP_V10EBAAAA&ccb=7-5&oh=00_AYAnBNd5Jom8DqAPNVO2MmTKoPTdSwOwIQpFSCLLpmfBhw&oe=66AD1A54&_nc_sid=2999b8","eligiblespatula","https://www.instagram.com/p/C9Qqds4Slgp/","Free Palestine 🇵🇸","2024-07-28T09:34:23.000Z"
"17931399677910991","0","https://scontent-dfw5-2.cdninstagram.com/v/t51.2885-19/449519485_2191395967895320_5552099369451566643_n.jpg?stp=dst-jpg_s150x150&_nc_ht=scontent-dfw5-2.cdninstagram.com&_nc_cat=104&_nc_ohc=OZqA8hz4LhAQ7kNvgEZmw4m&edm=AP_V10EBAAAA&ccb=7-5&oh=00_AYA62Wblz7a4x8wy91_4dM0ijon629_jZh6D_V6v4BBGGg&oe=66ACFF04&_nc_sid=2999b8","antisraelhypocrisy","https://www.instagram.com/p/C9Qqds4Slgp/","Boycott this shit","2024-07-28T10:37:17.000Z"
"17942975843745343","0","https://scontent-dfw5-2.cdninstagram.com/v/t51.2885-19/449519485_2191395967895320_5552099369451566643_n.jpg?stp=dst-jpg_s150x150&_nc_ht=scontent-dfw5-2.cdninstagram.com&_nc_cat=104&_nc_ohc=OZqA8hz4LhAQ7kNvgEZmw4m&edm=AP_V10EBAAAA&ccb=7-5&oh=00_AYA62Wblz7a4x8wy91_4dM0ijon629_jZh6D_V6v4BBGGg&oe=66ACFF04&_nc_sid=2999b8","antisraelhypocrisy","https://www.instagram.com/p/C9Qqds4Slgp/","Israel is a terror state","2024-07-28T10:37:27.000Z"
"18179445409305623","0","https://scontent-dfw5-1.cdninstagram.com/v/t51.2885-19/91375600_924358821367587_7301125849770622976_n.jpg?stp=dst-jpg_s150x150&_nc_ht=scontent-dfw5-1.cdninstagram.com&_nc_cat=103&_nc_ohc=lNCWd_OS7CMQ7kNvgGENukd&gid=835b6e89efa341d09561bc3770367421&edm=AP_V10EBAAAA&ccb=7-5&oh=00_AYCG2hqR35AkmIraW9I-zRDE3l194bRrXmqSwebs3QO9iw&oe=66AD14C0&_nc_sid=2999b8","mysole13","https://www.instagram.com/p/C9Qqds4Slgp/","💩💩💩💩💩💩💩💩💩","2024-07-28T12:04:05.000Z"
"18015482492393539","0","https://scontent-dfw5-1.cdninstagram.com/v/t51.2885-19/453054743_799975789008809_6927594884093751096_n.jpg?stp=dst-jpg_s150x150&_nc_ht=scontent-dfw5-1.cdninstagram.com&_nc_cat=105&_nc_ohc=79MfypHpFA0Q7kNvgEy4Nac&edm=AP_V10EBAAAA&ccb=7-5&oh=00_AYCeDOJ1bNXL67KOKK-E54t52e420BySM5XtK2fapOheRw&oe=66AD0A38&_nc_sid=2999b8","kagu.mai","https://www.instagram.com/p/C9Qqds4Slgp/","❤️❤️🔥","2024-07-28T12:53:43.000Z"
"18056888308725473","0","https://scontent-dfw5-1.cdninstagram.com/v/t51.2885-19/346247736_792418915409459_8506123252566480498_n.jpg?stp=dst-jpg_s150x150&_nc_ht=scontent-dfw5-1.cdninstagram.com&_nc_cat=111&_nc_ohc=F_Bk58o5yScQ7kNvgFYi6fM&edm=AP_V10EBAAAA&ccb=7-5&oh=00_AYAoaI1P0610gPnTezcAJIcGKEfGvWj58uC15SOk0P9DZw&oe=66AD1852&_nc_sid=2999b8","deniza.ss","https://www.instagram.com/p/C9Qqds4Slgp/","FREE PALESTINE🇵🇸🇵🇸🇵🇸🇵🇸🇵🇸🇵🇸","2024-07-28T13:06:27.000Z"
"18027112721269877","0","https://scontent-dfw5-1.cdninstagram.com/v/t51.2885-19/36791005_229324217889231_7263711861374189568_n.jpg?stp=dst-jpg_s150x150&_nc_ht=scontent-dfw5-1.cdninstagram.com&_nc_cat=103&_nc_ohc=aQJ1OlDA58oQ7kNvgFcvbhq&edm=AP_V10EBAAAA&ccb=7-5&oh=00_AYDCV_IXh-zDCzWEHXm8LeZNMdProCxO42kR1ysxS08EPQ&oe=66AD0393&_nc_sid=2999b8","the_wrong_advisor__","https://www.instagram.com/p/C9Qqds4Slgp/","🔥","2024-07-28T14:37:34.000Z"
"18012034490288044","0","https://instagram.fcgh28-1.fna.fbcdn.net/v/t51.2885-19/44884218_345707102882519_2446069589734326272_n.jpg?_nc_ht=instagram.fcgh28-1.fna.fbcdn.net&_nc_cat=1&_nc_ohc=SVhEq2cnGDoQ7kNvgHQ-L79&edm=AJgCAUABAAAA&ccb=7-5&ig_cache_key=YW5vbnltb3VzX3Byb2ZpbGVfcGlj.2-ccb7-5&oh=00_AYBnrIKtUKE2G3s0m6hPUjdoj4IvNSydjNOLesah5Mt1jQ&oe=66AD220F&_nc_sid=f93d1f","vetessevan","https://www.instagram.com/p/C9Qqds4Slgp/","Genocide support 🇵🇸","2024-07-28T17:01:52.000Z"
"18066256528573867","0","https://instagram.fcgh28-1.fna.fbcdn.net/v/t51.2885-19/44884218_345707102882519_2446069589734326272_n.jpg?_nc_ht=instagram.fcgh28-1.fna.fbcdn.net&_nc_cat=1&_nc_ohc=SVhEq2cnGDoQ7kNvgHQ-L79&edm=AJgCAUABAAAA&ccb=7-5&ig_cache_key=YW5vbnltb3VzX3Byb2ZpbGVfcGlj.2-ccb7-5&oh=00_AYBnrIKtUKE2G3s0m6hPUjdoj4IvNSydjNOLesah5Mt1jQ&oe=66AD220F&_nc_sid=f93d1f","ghost110_face","https://www.instagram.com/p/C9Qqds4Slgp/","۱۱۳","2024-07-28T17:24:24.000Z"
"17989471520692886","0","https://scontent-dfw5-1.cdninstagram.com/v/t51.2885-19/452692197_3691709714478157_432717898054731698_n.jpg?stp=dst-jpg_s150x150&_nc_ht=scontent-dfw5-1.cdninstagram.com&_nc_cat=101&_nc_ohc=TRcz3haGI9wQ7kNvgFVjSMu&edm=AP_V10EBAAAA&ccb=7-5&oh=00_AYDQ5p_kh1ic4JRXkd-uqaTqwauZtK3HB9GH4er2rrLZ_A&oe=66ACF74C&_nc_sid=2999b8","7columbusoh7","https://www.instagram.com/p/C9Qqds4Slgp/","@teslamotors time to reveal the real Elon Musk ⚡","2024-07-28T18:11:13.000Z"
"17946269744830748","0","https://scontent-dfw5-1.cdninstagram.com/v/t51.2885-19/446235943_2682731151901205_4477960130346652400_n.jpg?stp=dst-jpg_s150x150&_nc_ht=scontent-dfw5-1.cdninstagram.com&_nc_cat=105&_nc_ohc=5DcxC78uS5kQ7kNvgFbKaiT&edm=AP_V10EBAAAA&ccb=7-5&oh=00_AYBu6dPWE5SWCQ-KNhWLKnAwtg0e2ZHKFVR2DyBWNkOOdw&oe=66AD011B&_nc_sid=2999b8","bloodysneakers","https://www.instagram.com/p/C9Qqds4Slgp/","Hey Elon 🖕","2024-07-28T18:32:33.000Z"
"17987990426680758","0","https://scontent-dfw5-2.cdninstagram.com/v/t51.2885-19/448817825_432464769753672_8284465086744194574_n.jpg?stp=dst-jpg_s150x150&_nc_ht=scontent-dfw5-2.cdninstagram.com&_nc_cat=100&_nc_ohc=LbJMytfw62oQ7kNvgES38mq&gid=835b6e89efa341d09561bc3770367421&edm=AP_V10EBAAAA&ccb=7-5&oh=00_AYBgtujPzy03C_wJQtOOUhhw07tax-1odSzmX8qCKuKugA&oe=66AD0C00&_nc_sid=2999b8","dododuck.6","https://www.instagram.com/p/C9Qqds4Slgp/","@black_afg_01 this what u support? @nahed_hajjaj99","2024-07-28T20:50:35.000Z"
"18261100360223595","0","https://scontent-dfw5-2.cdninstagram.com/v/t51.2885-19/452003483_507924178444816_4098314182237527299_n.jpg?stp=dst-jpg_s150x150&_nc_ht=scontent-dfw5-2.cdninstagram.com&_nc_cat=104&_nc_ohc=NPu-pWcTX28Q7kNvgEDcZOU&edm=AP_V10EBAAAA&ccb=7-5&oh=00_AYBohb8xde_2schlKGDd1SStrKOuD63jVtRO1_JVLEHhQQ&oe=66AD2736&_nc_sid=2999b8","black_afg_01","https://www.instagram.com/p/C9Qqds4Slgp/","@dododuck.6 I’m not supporting hamas dude","2024-07-28T20:52:42.000Z"
"18046768507857268","0","https://scontent-dfw5-2.cdninstagram.com/v/t51.2885-19/448817825_432464769753672_8284465086744194574_n.jpg?stp=dst-jpg_s150x150&_nc_ht=scontent-dfw5-2.cdninstagram.com&_nc_cat=100&_nc_ohc=LbJMytfw62oQ7kNvgES38mq&gid=835b6e89efa341d09561bc3770367421&edm=AP_V10EBAAAA&ccb=7-5&oh=00_AYBgtujPzy03C_wJQtOOUhhw07tax-1odSzmX8qCKuKugA&oe=66AD0C00&_nc_sid=2999b8","dododuck.6","https://www.instagram.com/p/C9Qqds4Slgp/","@black_afg_01 no evidence for that its all lies but what bout this @nahed_hajjaj99","2024-07-28T20:54:14.000Z"
"18033212516288665","0","https://scontent-dfw5-2.cdninstagram.com/v/t51.2885-19/448817825_432464769753672_8284465086744194574_n.jpg?stp=dst-jpg_s150x150&_nc_ht=scontent-dfw5-2.cdninstagram.com&_nc_cat=100&_nc_ohc=LbJMytfw62oQ7kNvgES38mq&gid=835b6e89efa341d09561bc3770367421&edm=AP_V10EBAAAA&ccb=7-5&oh=00_AYBgtujPzy03C_wJQtOOUhhw07tax-1odSzmX8qCKuKugA&oe=66AD0C00&_nc_sid=2999b8","dododuck.6","https://www.instagram.com/p/C9Qqds4Slgp/","@black_afg_01 i think your $.tupid brain cant take information your literally supprting killing of children","2024-07-28T20:55:55.000Z"
"18042240076934896","0","https://scontent-dfw5-2.cdninstagram.com/v/t51.2885-19/452003483_507924178444816_4098314182237527299_n.jpg?stp=dst-jpg_s150x150&_nc_ht=scontent-dfw5-2.cdninstagram.com&_nc_cat=104&_nc_ohc=NPu-pWcTX28Q7kNvgEDcZOU&edm=AP_V10EBAAAA&ccb=7-5&oh=00_AYBohb8xde_2schlKGDd1SStrKOuD63jVtRO1_JVLEHhQQ&oe=66AD2736&_nc_sid=2999b8","black_afg_01","https://www.instagram.com/p/C9Qqds4Slgp/","@dododuck.6 hamas did the same thing on October 7th 🤷‍♂️","2024-07-28T21:03:30.000Z"
"18057555709582103","0","https://scontent-dfw5-2.cdninstagram.com/v/t51.2885-19/452003483_507924178444816_4098314182237527299_n.jpg?stp=dst-jpg_s150x150&_nc_ht=scontent-dfw5-2.cdninstagram.com&_nc_cat=104&_nc_ohc=NPu-pWcTX28Q7kNvgEDcZOU&edm=AP_V10EBAAAA&ccb=7-5&oh=00_AYBohb8xde_2schlKGDd1SStrKOuD63jVtRO1_JVLEHhQQ&oe=66AD2736&_nc_sid=2999b8","black_afg_01","https://www.instagram.com/p/C9Qqds4Slgp/","@dododuck.6 it’s a lie what hamas did on October 7th 👀","2024-07-28T21:04:53.000Z"
"18029650598321046","0","https://scontent-dfw5-2.cdninstagram.com/v/t51.2885-19/448817825_432464769753672_8284465086744194574_n.jpg?stp=dst-jpg_s150x150&_nc_ht=scontent-dfw5-2.cdninstagram.com&_nc_cat=100&_nc_ohc=LbJMytfw62oQ7kNvgES38mq&gid=835b6e89efa341d09561bc3770367421&edm=AP_V10EBAAAA&ccb=7-5&oh=00_AYBgtujPzy03C_wJQtOOUhhw07tax-1odSzmX8qCKuKugA&oe=66AD0C00&_nc_sid=2999b8","dododuck.6","https://www.instagram.com/p/C9Qqds4Slgp/","@black_afg_01 dude ur so evlL tbh what terr0.ristic mindset","2024-07-28T21:07:17.000Z"
"18005797412356708","2","https://scontent-dfw5-1.cdninstagram.com/v/t51.2885-19/305218879_188557396924273_729942267714819291_n.jpg?stp=dst-jpg_s150x150&_nc_ht=scontent-dfw5-1.cdninstagram.com&_nc_cat=101&_nc_ohc=UDkxqUpUrWUQ7kNvgE7nXfK&edm=AP_V10EBAAAA&ccb=7-5&oh=00_AYCZqtvAu47iwS5x_7JeciFaBPnD_j3LG680a65ZVFzYJA&oe=66ACFCE4&_nc_sid=2999b8","boymom.jess","https://www.instagram.com/p/C9Qqds4Slgp/","@black_afg_01 I also remember all the stories of my great grandparents dating back to 1948 when my great grandfather was kicked out of his home with all his children! Please education yourself on what Israel has been doing to Palestinians for the past 70+ years! Moron!","2024-07-28T21:10:06.000Z"
"18033026654288204","0","https://scontent-dfw5-2.cdninstagram.com/v/t51.2885-19/452003483_507924178444816_4098314182237527299_n.jpg?stp=dst-jpg_s150x150&_nc_ht=scontent-dfw5-2.cdninstagram.com&_nc_cat=104&_nc_ohc=NPu-pWcTX28Q7kNvgEDcZOU&edm=AP_V10EBAAAA&ccb=7-5&oh=00_AYBohb8xde_2schlKGDd1SStrKOuD63jVtRO1_JVLEHhQQ&oe=66AD2736&_nc_sid=2999b8","black_afg_01","https://www.instagram.com/p/C9Qqds4Slgp/","@boymom.jess educate yourself first ""palestine"" never existed before, it was the ""British Mandate of palestine""","2024-07-28T21:50:04.000Z"
"18003763778387880","0","https://scontent-dfw5-1.cdninstagram.com/v/t51.2885-19/453144280_531213726127497_4215380755296375294_n.jpg?stp=dst-jpg_s150x150&_nc_ht=scontent-dfw5-1.cdninstagram.com&_nc_cat=109&_nc_ohc=KKSbNIQDpDwQ7kNvgFva9LQ&edm=AP_V10EBAAAA&ccb=7-5&oh=00_AYBcW78z7NDw9pqz0kO02oi5DG37soUZcMDRgZajwd7I5A&oe=66AD1BE2&_nc_sid=2999b8","summerkeremet","https://www.instagram.com/p/C9Qqds4Slgp/","I hope Tesla board will take down Elon the dog !","2024-07-29T00:26:03.000Z"
"17887270230052139","0","https://instagram.fvns1-2.fna.fbcdn.net/v/t51.2885-19/449272262_1033637961705977_5669484808100826836_n.jpg?stp=dst-jpg_s150x150&_nc_ht=instagram.fvns1-2.fna.fbcdn.net&_nc_cat=105&_nc_ohc=gydyLujTmtcQ7kNvgGPEfeC&edm=AP_V10EBAAAA&ccb=7-5&oh=00_AYBpZVg86PGoyr4tGoxhz_Kg8lLFFnKKdQO5rp9FMtsUXQ&oe=66AD00BB&_nc_sid=2999b8","__3mmx_.3bxy","https://www.instagram.com/p/C7XbE9ZSkKe/","🤢🤮","2024-06-17T17:58:25.000Z"
"18270481204229527","0","https://instagram.fvns1-2.fna.fbcdn.net/v/t51.2885-19/447465076_372014389185525_7466071228407282765_n.jpg?stp=dst-jpg_s150x150&_nc_ht=instagram.fvns1-2.fna.fbcdn.net&_nc_cat=109&_nc_ohc=0thOlxVQvOwQ7kNvgHLNUnh&edm=AP_V10EBAAAA&ccb=7-5&oh=00_AYB8pyFuHQcTro-O8sGqSHY2sBZmeC7SUx3ofTFu1Lu3AA&oe=66AD1A05&_nc_sid=2999b8","rosebell_1988","https://www.instagram.com/p/C7XbE9ZSkKe/","Very interesting ❤️","2024-06-19T21:45:53.000Z"
"18014633126456485","0","https://instagram.fvns1-5.fna.fbcdn.net/v/t51.2885-19/435851086_6619141088188388_6388462725457126179_n.jpg?stp=dst-jpg_s150x150&_nc_ht=instagram.fvns1-5.fna.fbcdn.net&_nc_cat=108&_nc_ohc=4rRUYbZVk7UQ7kNvgEnUwXy&edm=AP_V10EBAAAA&ccb=7-5&oh=00_AYAvuMDvSWGT-eT2GpsZ9njGuZ9Hzu-dFZbOrauvUthnKg&oe=66AD21E4&_nc_sid=2999b8","matildamethasa","https://www.instagram.com/p/C7XbE9ZSkKe/","Dreaming car 😢","2024-06-20T10:51:15.000Z"
"17915549897948171","0","https://instagram.fvns1-5.fna.fbcdn.net/v/t51.2885-19/451558224_459024446931918_8372364859466566749_n.jpg?stp=dst-jpg_s150x150&_nc_ht=instagram.fvns1-5.fna.fbcdn.net&_nc_cat=106&_nc_ohc=WY4FB5DP058Q7kNvgHOrjvT&edm=AP_V10EBAAAA&ccb=7-5&oh=00_AYA8nhmwmlph3VbtHx5fTd4rSH11Lvo0AtlJwBVSFX2BJA&oe=66ACFAAD&_nc_sid=2999b8","1odawg_huncho","https://www.instagram.com/p/C7XbE9ZSkKe/","I love them both 🔥🔥","2024-06-20T16:49:09.000Z"
"18071151856523574","0","https://instagram.fvns1-2.fna.fbcdn.net/v/t51.2885-19/450773302_831830022224957_8195557408400770294_n.jpg?stp=dst-jpg_s150x150&_nc_ht=instagram.fvns1-2.fna.fbcdn.net&_nc_cat=105&_nc_ohc=bMd0BlEs5RIQ7kNvgFJC7NF&edm=AP_V10EBAAAA&ccb=7-5&oh=00_AYDm-iyEYfUHOUABOFpal1okYDW3IJNh36ItIcqOHepfXQ&oe=66AD1203&_nc_sid=2999b8","navarroinesdel","https://www.instagram.com/p/C7XbE9ZSkKe/","WOW 😍","2024-06-20T17:01:26.000Z"
"18045947836667629","0","https://instagram.fvns1-3.fna.fbcdn.net/v/t51.2885-19/448160827_451429324251035_5448516585731432437_n.jpg?stp=dst-jpg_s150x150&_nc_ht=instagram.fvns1-3.fna.fbcdn.net&_nc_cat=111&_nc_ohc=Q7ggGRpXfkYQ7kNvgHmPrEl&edm=AP_V10EBAAAA&ccb=7-5&oh=00_AYCVYF7Els3buswfsmbxzycTj1f2ICu7b3djadStYJlLYw&oe=66ACFF1C&_nc_sid=2999b8","beliumjo","https://www.instagram.com/p/C7XbE9ZSkKe/","Get rid of musk...","2024-06-20T17:52:55.000Z"
"18019728674097338","0","https://instagram.fvns1-2.fna.fbcdn.net/v/t51.2885-19/320096760_1278650266015781_3259118332276206705_n.jpg?stp=dst-jpg_s150x150&_nc_ht=instagram.fvns1-2.fna.fbcdn.net&_nc_cat=105&_nc_ohc=kiC77iUh0wYQ7kNvgEKAE66&gid=b3c90c6531f84998aa8013c45431b1b7&edm=AP_V10EBAAAA&ccb=7-5&oh=00_AYDA5M0iXH0qyGJtXVzAzmD0BEQuKB6AeY0_gIooz6uiJQ&oe=66AD2654&_nc_sid=2999b8","colingalla","https://www.instagram.com/p/C7XbE9ZSkKe/","Bring it to the Model 3!!!","2024-06-24T22:09:36.000Z"
"18302021728090100","0","https://instagram.fvns1-2.fna.fbcdn.net/v/t51.2885-19/37832528_230446324332125_1662032995000778752_n.jpg?stp=dst-jpg_s150x150&_nc_ht=instagram.fvns1-2.fna.fbcdn.net&_nc_cat=105&_nc_ohc=2kTCfnTg1FcQ7kNvgFPAHhr&edm=AP_V10EBAAAA&ccb=7-5&oh=00_AYD_5vAteKv2-uJ4yqvtZHG8BGIosEjUfYg0bXUy33zK3w&oe=66AD21A5&_nc_sid=2999b8","fhua8810","https://www.instagram.com/p/C7XbE9ZSkKe/","Own 2 Tesla and installed tesla solar. But get service is very hard. My Tesla S has supersonic sensor dysfunction. So I sent it to the Tesla Service Center. After waiting six hours, I was told there’s a possible rodent damage so they cannot fix it. I needed to go to the Tesla body shop to get fixed. And I also be charged for over hundred dollars for telling me this. Cannot believe this is happened. now I am really scared to get another new Tesla, because future service will be a problem.","2024-06-25T17:32:55.000Z"
"18107079871393614","0","https://instagram.fvns1-1.fna.fbcdn.net/v/t51.2885-19/449154282_1001388627768955_6606558271023526116_n.jpg?stp=dst-jpg_s150x150&_nc_ht=instagram.fvns1-1.fna.fbcdn.net&_nc_cat=107&_nc_ohc=5k1NZW3lVFkQ7kNvgH3ppdY&edm=AP_V10EBAAAA&ccb=7-5&oh=00_AYBJP3lBoaQCxfvZ_jYbw-S2yiGIrCPKNFidBSRSETRTfw&oe=66ACFFD2&_nc_sid=2999b8","01_elon_musk","https://www.instagram.com/p/C7XbE9ZSkKe/","@zeeitis message me directly.","2024-06-27T01:22:44.000Z"
"18040032571927831","0","https://instagram.fvns1-1.fna.fbcdn.net/v/t51.2885-19/449154282_1001388627768955_6606558271023526116_n.jpg?stp=dst-jpg_s150x150&_nc_ht=instagram.fvns1-1.fna.fbcdn.net&_nc_cat=107&_nc_ohc=5k1NZW3lVFkQ7kNvgH3ppdY&edm=AP_V10EBAAAA&ccb=7-5&oh=00_AYBJP3lBoaQCxfvZ_jYbw-S2yiGIrCPKNFidBSRSETRTfw&oe=66ACFFD2&_nc_sid=2999b8","01_elon_musk","https://www.instagram.com/p/C7XbE9ZSkKe/","@gerganaphysics Message me now.","2024-06-27T01:24:46.000Z"
"18040802389743848","0","https://instagram.fvns1-1.fna.fbcdn.net/v/t51.2885-19/423159521_404070698735872_8556828869431117444_n.jpg?stp=dst-jpg_s150x150&_nc_ht=instagram.fvns1-1.fna.fbcdn.net&_nc_cat=104&_nc_ohc=nRAVaot6KwUQ7kNvgEkgi7k&edm=AP_V10EBAAAA&ccb=7-5&oh=00_AYAEYBNr3W7RKrGQwF63hmUZ1KUPMA21Y9fHrGL2Ix18dQ&oe=66AD1256&_nc_sid=2999b8","jonathonestep36","https://www.instagram.com/p/C7XbE9ZSkKe/","I Really Love this one!!! Talk about a Slick looking ride!!","2024-06-27T14:36:27.000Z"
"18031771520297201","0","https://instagram.fvns1-1.fna.fbcdn.net/v/t51.2885-19/293820596_195600612804074_3011194898698271929_n.jpg?stp=dst-jpg_s150x150&_nc_ht=instagram.fvns1-1.fna.fbcdn.net&_nc_cat=102&_nc_ohc=n1PP-3YpQJoQ7kNvgGrRhqK&edm=AP_V10EBAAAA&ccb=7-5&oh=00_AYCDKyNW8EYWAkMCTFSBGTg1oTAvI4L6b4ORgXCwu4MtSw&oe=66ACF536&_nc_sid=2999b8","_richard_smith7","https://www.instagram.com/p/C7XbE9ZSkKe/","Woohoo! 🩶","2024-06-28T16:29:15.000Z"
"18312400177154846","0","https://instagram.fvns1-1.fna.fbcdn.net/v/t51.2885-19/417882551_1564229444405632_812839767667883932_n.jpg?stp=dst-jpg_s150x150&_nc_ht=instagram.fvns1-1.fna.fbcdn.net&_nc_cat=104&_nc_ohc=vVH2fmIqvAUQ7kNvgF_5eJ3&edm=AP_V10EBAAAA&ccb=7-5&oh=00_AYDBkIKpdLrIAx1bHXy81RPNMv2vj4XjSQBZlW66LOIlfQ&oe=66ACF946&_nc_sid=2999b8","elvira_jelanie","https://www.instagram.com/p/C7XbE9ZSkKe/","Wow this is 🔥🔥🔥","2024-06-28T17:17:27.000Z"
"18035248345851435","0","https://instagram.fvns1-1.fna.fbcdn.net/v/t51.2885-19/441278628_966699868105188_5317063024048504888_n.jpg?stp=dst-jpg_s150x150&_nc_ht=instagram.fvns1-1.fna.fbcdn.net&_nc_cat=100&_nc_ohc=l9g3DmB0oeoQ7kNvgEuWxwg&edm=AP_V10EBAAAA&ccb=7-5&oh=00_AYC8DQifBfnF3sloja6iE0iF8UKYtw0BEz1YnyIHLeJ5Jw&oe=66ACF8C1&_nc_sid=2999b8","george_alexander780","https://www.instagram.com/p/C7XbE9ZSkKe/","@kurtcomrasmussen hope you own a Tesla brother ?","2024-07-02T22:02:46.000Z"
"18058776886612882","0","https://instagram.fvns1-1.fna.fbcdn.net/v/t51.2885-19/441278628_966699868105188_5317063024048504888_n.jpg?stp=dst-jpg_s150x150&_nc_ht=instagram.fvns1-1.fna.fbcdn.net&_nc_cat=100&_nc_ohc=l9g3DmB0oeoQ7kNvgEuWxwg&edm=AP_V10EBAAAA&ccb=7-5&oh=00_AYC8DQifBfnF3sloja6iE0iF8UKYtw0BEz1YnyIHLeJ5Jw&oe=66ACF8C1&_nc_sid=2999b8","george_alexander780","https://www.instagram.com/p/C7XbE9ZSkKe/","@yekusielspira won’t you like to get one for yourself?","2024-07-02T22:04:17.000Z"
"18062026954580097","0","https://instagram.fvns1-1.fna.fbcdn.net/v/t51.2885-19/441278628_966699868105188_5317063024048504888_n.jpg?stp=dst-jpg_s150x150&_nc_ht=instagram.fvns1-1.fna.fbcdn.net&_nc_cat=100&_nc_ohc=l9g3DmB0oeoQ7kNvgEuWxwg&edm=AP_V10EBAAAA&ccb=7-5&oh=00_AYC8DQifBfnF3sloja6iE0iF8UKYtw0BEz1YnyIHLeJ5Jw&oe=66ACF8C1&_nc_sid=2999b8","george_alexander780","https://www.instagram.com/p/C7XbE9ZSkKe/","@vitapurwantizeyn_ Do you own a Tesla yet sister?","2024-07-02T22:05:10.000Z"
"17999267279447706","0","https://instagram.fvns1-1.fna.fbcdn.net/v/t51.2885-19/441278628_966699868105188_5317063024048504888_n.jpg?stp=dst-jpg_s150x150&_nc_ht=instagram.fvns1-1.fna.fbcdn.net&_nc_cat=100&_nc_ohc=l9g3DmB0oeoQ7kNvgEuWxwg&edm=AP_V10EBAAAA&ccb=7-5&oh=00_AYC8DQifBfnF3sloja6iE0iF8UKYtw0BEz1YnyIHLeJ5Jw&oe=66ACF8C1&_nc_sid=2999b8","george_alexander780","https://www.instagram.com/p/C7XbE9ZSkKe/","@emery916 Were are you actually connecting from brother ? It should get to you once you order one . @teslateam","2024-07-02T22:08:23.000Z"
"18033028013039221","1","https://instagram.fvns1-1.fna.fbcdn.net/v/t51.2885-19/350140730_920051085754154_9038124982281557156_n.jpg?stp=dst-jpg_s150x150&_nc_ht=instagram.fvns1-1.fna.fbcdn.net&_nc_cat=102&_nc_ohc=yJWZhR1iE_8Q7kNvgGPMC7t&edm=AP_V10EBAAAA&ccb=7-5&oh=00_AYDXrcKzkVPzu0iidhR_EIyuJC9QhTGNyxmVP_2xcS7Urw&oe=66ACF2AD&_nc_sid=2999b8","emery916","https://www.instagram.com/p/C7XbE9ZSkKe/","@george_alexander780 I'm in New Mexico. Its not an option yet. Requesting light silver color","2024-07-02T23:23:34.000Z"
"18346897177114488","1","https://instagram.fvns1-2.fna.fbcdn.net/v/t51.2885-19/326237636_181450397908577_6074219764375901266_n.jpg?stp=dst-jpg_s150x150&_nc_ht=instagram.fvns1-2.fna.fbcdn.net&_nc_cat=105&_nc_ohc=Gb4Xer0GiSoQ7kNvgGhv7J7&edm=AP_V10EBAAAA&ccb=7-5&oh=00_AYD-Ea0Ydjgl-tDtCRb4TjJC7XRc6Pdagj0refMcQSztUQ&oe=66ACFDDF&_nc_sid=2999b8","tinna5024","https://www.instagram.com/p/C7XbE9ZSkKe/","Nice Tesla car 🔥","2024-07-03T12:01:00.000Z"
"18013493714407915","0","https://instagram.fvns1-5.fna.fbcdn.net/v/t51.2885-19/403929060_1781573085623408_1522277775916822763_n.jpg?stp=dst-jpg_s150x150&_nc_ht=instagram.fvns1-5.fna.fbcdn.net&_nc_cat=108&_nc_ohc=Ot6Tba7_xKwQ7kNvgHtBUkz&edm=AP_V10EBAAAA&ccb=7-5&oh=00_AYAJRm4sNREggkng_PLWElHZO_MEuBucVlQEpro6-S4zxg&oe=66AD1173&_nc_sid=2999b8","elonmusk08114","https://www.instagram.com/p/C7XbE9ZSkKe/","@corbangarcia inbox me if you want to buy one 🔥","2024-07-03T23:17:37.000Z"
"17930264111884453","0","https://instagram.fvns1-5.fna.fbcdn.net/v/t51.2885-19/403929060_1781573085623408_1522277775916822763_n.jpg?stp=dst-jpg_s150x150&_nc_ht=instagram.fvns1-5.fna.fbcdn.net&_nc_cat=108&_nc_ohc=Ot6Tba7_xKwQ7kNvgHtBUkz&edm=AP_V10EBAAAA&ccb=7-5&oh=00_AYAJRm4sNREggkng_PLWElHZO_MEuBucVlQEpro6-S4zxg&oe=66AD1173&_nc_sid=2999b8","elonmusk08114","https://www.instagram.com/p/C7XbE9ZSkKe/","I'm selling for $30,000","2024-07-03T23:18:39.000Z"
"18044214436808360","0","https://instagram.fvns1-5.fna.fbcdn.net/v/t51.2885-19/403929060_1781573085623408_1522277775916822763_n.jpg?stp=dst-jpg_s150x150&_nc_ht=instagram.fvns1-5.fna.fbcdn.net&_nc_cat=108&_nc_ohc=Ot6Tba7_xKwQ7kNvgHtBUkz&edm=AP_V10EBAAAA&ccb=7-5&oh=00_AYAJRm4sNREggkng_PLWElHZO_MEuBucVlQEpro6-S4zxg&oe=66AD1173&_nc_sid=2999b8","elonmusk08114","https://www.instagram.com/p/C7XbE9ZSkKe/","@mmart2222 I'm selling for $30,000","2024-07-03T23:20:07.000Z"
"17960281118785267","0","https://instagram.fvns1-5.fna.fbcdn.net/v/t51.2885-19/436296787_428688519908586_4534495484603543980_n.jpg?stp=dst-jpg_s150x150&_nc_ht=instagram.fvns1-5.fna.fbcdn.net&_nc_cat=106&_nc_ohc=MvOX4VstPHAQ7kNvgFav-pS&gid=b3c90c6531f84998aa8013c45431b1b7&edm=AP_V10EBAAAA&ccb=7-5&oh=00_AYDMoeLNLo3GBT9W4zyzjOugMu61WPF0ZFhxsVpsrcPIMw&oe=66AD1442&_nc_sid=2999b8","bigratsniffer","https://www.instagram.com/p/C7XbE9ZSkKe/","@teslamotors please follow my dad @vorobejalexej (he has a cybertruck)","2024-07-05T07:09:26.000Z"
"18025336874185011","0","https://instagram.fvns1-5.fna.fbcdn.net/v/t51.2885-19/277651554_942387022982396_2606485198467518671_n.jpg?stp=dst-jpg_s150x150&_nc_ht=instagram.fvns1-5.fna.fbcdn.net&_nc_cat=108&_nc_ohc=n_liVD4pf1sQ7kNvgEE8CU9&edm=AP_V10EBAAAA&ccb=7-5&oh=00_AYBiO7GgYT42ByQCbflFM3fcfmEknZ6SCXUrsO3qm8hVeg&oe=66AD1B9E&_nc_sid=2999b8","mysteria517","https://www.instagram.com/p/C7XbE9ZSkKe/","Die flache Ausführung reicht mir","2024-07-07T09:35:43.000Z"
"18013459400217874","0","https://instagram.fvns1-2.fna.fbcdn.net/v/t51.2885-19/450186601_855843619350081_6844795732117282911_n.jpg?stp=dst-jpg_s150x150&_nc_ht=instagram.fvns1-2.fna.fbcdn.net&_nc_cat=109&_nc_ohc=Vf2x-zOOYHUQ7kNvgEX5ZOH&edm=AP_V10EBAAAA&ccb=7-5&oh=00_AYCbFYEdPY67pfM2ccX5bR2wktkg4QBHBv2Rdizr2lxOPQ&oe=66ACFF40&_nc_sid=2999b8","stacyjack105","https://www.instagram.com/p/C7XbE9ZSkKe/","Wow😍❤️","2024-07-07T13:02:19.000Z"
"18065676163501696","1","https://instagram.fvns1-2.fna.fbcdn.net/v/t51.2885-19/431180219_1826042814503110_5451641586704245332_n.jpg?stp=dst-jpg_s150x150&_nc_ht=instagram.fvns1-2.fna.fbcdn.net&_nc_cat=110&_nc_ohc=jDSiZhL4I_8Q7kNvgEKLoZI&edm=AP_V10EBAAAA&ccb=7-5&oh=00_AYCcZYZHY5owphMKzxegWHo6nt-nCeNomMFAPxSs7AkEwQ&oe=66AD2872&_nc_sid=2999b8","hidhayaabdulrazzaq","https://www.instagram.com/p/C7XbE9ZSkKe/","Woooweeeee🔥🔥🔥❤️❤️😍","2024-07-09T20:36:46.000Z"
"18131218237350628","0","https://instagram.fvns1-5.fna.fbcdn.net/v/t51.2885-19/319722739_2978039865833190_4094724578790684632_n.jpg?stp=dst-jpg_s150x150&_nc_ht=instagram.fvns1-5.fna.fbcdn.net&_nc_cat=106&_nc_ohc=ocFlPe9EXpMQ7kNvgGW4HF5&edm=AP_V10EBAAAA&ccb=7-5&oh=00_AYBWgKnqPHpObmHRc1sksHH4kbHGAXz__zZOBu9VpiqtJQ&oe=66AD2076&_nc_sid=2999b8","martinboxing1996","https://www.instagram.com/p/C7XbE9ZSkKe/","❤️🔥","2024-07-10T07:42:30.000Z"
"18305040340086543","0","https://instagram.fvns1-1.fna.fbcdn.net/v/t51.2885-19/393525858_673125561240446_2724567180796025815_n.jpg?stp=dst-jpg_s150x150&_nc_ht=instagram.fvns1-1.fna.fbcdn.net&_nc_cat=102&_nc_ohc=0OQ1Q284WJwQ7kNvgFR-uIF&edm=AP_V10EBAAAA&ccb=7-5&oh=00_AYBZ6hLbMy5oLWHOUr2SngFQIHQlhy-hb92w_rQr87iecA&oe=66ACFFBC&_nc_sid=2999b8","desirableminnie","https://www.instagram.com/p/C7XbE9ZSkKe/","👏👏👏👏👏🔥","2024-07-13T16:22:53.000Z"
"17921963147929085","0","https://instagram.fvns1-3.fna.fbcdn.net/v/t51.2885-19/452118581_7419708314801171_9156402218520087757_n.jpg?stp=dst-jpg_s150x150&_nc_ht=instagram.fvns1-3.fna.fbcdn.net&_nc_cat=111&_nc_ohc=VpiprEE9cecQ7kNvgH7xdRP&edm=AP_V10EBAAAA&ccb=7-5&oh=00_AYCAhCxbc5dmhWxTciungjFI4tw_5Wf-m3aQU8mwnOIwOQ&oe=66ACFC68&_nc_sid=2999b8","gleykes32","https://www.instagram.com/p/C7XbE9ZSkKe/","👏👏👏","2024-07-14T17:18:11.000Z"
"18444090370033916","0","https://instagram.fvns1-2.fna.fbcdn.net/v/t51.2885-19/450642580_404008192060085_5336720310746261882_n.jpg?stp=dst-jpg_s150x150&_nc_ht=instagram.fvns1-2.fna.fbcdn.net&_nc_cat=105&_nc_ohc=mCyh0WrP6tYQ7kNvgHubT85&edm=AP_V10EBAAAA&ccb=7-5&oh=00_AYCYEXldZV2as3BTgVJQroON5iO7KxdgGVX7xX-4ESi4rg&oe=66AD0E0B&_nc_sid=2999b8","goat.391359","https://www.instagram.com/p/C7XbE9ZSkKe/","@teslamotors Thank you for you caring quality 👏👏👏👏👏","2024-07-19T20:47:29.000Z"
"18271647982210391","0","https://instagram.fvns1-2.fna.fbcdn.net/v/t51.2885-19/452152450_1001259738111749_1591540594818744789_n.jpg?stp=dst-jpg_s150x150&_nc_ht=instagram.fvns1-2.fna.fbcdn.net&_nc_cat=105&_nc_ohc=WNzfwGaPSYAQ7kNvgFgs4VT&edm=AP_V10EBAAAA&ccb=7-5&oh=00_AYDC_1MKl2qknZNnYOKWOgOLf8Luczro-ZTrR7mDEaSQUw&oe=66ACF2CB&_nc_sid=2999b8","hotskinny6","https://www.instagram.com/p/C7XbE9ZSkKe/","🔥","2024-07-19T23:45:17.000Z"
"18017689229160747","0","https://instagram.fvns1-2.fna.fbcdn.net/v/t51.2885-19/452152450_1001259738111749_1591540594818744789_n.jpg?stp=dst-jpg_s150x150&_nc_ht=instagram.fvns1-2.fna.fbcdn.net&_nc_cat=105&_nc_ohc=WNzfwGaPSYAQ7kNvgFgs4VT&edm=AP_V10EBAAAA&ccb=7-5&oh=00_AYDC_1MKl2qknZNnYOKWOgOLf8Luczro-ZTrR7mDEaSQUw&oe=66ACF2CB&_nc_sid=2999b8","hotskinny6","https://www.instagram.com/p/C7XbE9ZSkKe/","Huge opportunity to invest in real estate in Ivory Coast West Africa","2024-07-19T23:46:12.000Z"
"18017741165456894","0","https://instagram.fvns1-3.fna.fbcdn.net/v/t51.2885-19/413932470_1034205401000819_3207166088200257466_n.jpg?stp=dst-jpg_s150x150&_nc_ht=instagram.fvns1-3.fna.fbcdn.net&_nc_cat=111&_nc_ohc=QukiSLkDQmIQ7kNvgEna9AF&edm=AP_V10EBAAAA&ccb=7-5&oh=00_AYBxje8ZW98pv3ZTJwo2DNnc09ZUjP6nmP07P9Wqb1NFzA&oe=66AD179C&_nc_sid=2999b8","shuhrat335808510","https://www.instagram.com/p/C7XbE9ZSkKe/","Tesla N1 Elon Musk 🙌🙌🙌🙌👏👏👏🔥","2024-07-20T13:44:56.000Z"
"18013603625260185","0","https://instagram.fvns1-1.fna.fbcdn.net/v/t51.2885-19/452138783_386530411206967_3011424076878678766_n.jpg?stp=dst-jpg_s150x150&_nc_ht=instagram.fvns1-1.fna.fbcdn.net&_nc_cat=107&_nc_ohc=Frkyww2oND0Q7kNvgG6ZEQR&gid=b3c90c6531f84998aa8013c45431b1b7&edm=AP_V10EBAAAA&ccb=7-5&oh=00_AYAo0J30MZ5vBlLH8fuxa8CKcxX0p90D7muSPGiVWXo_tQ&oe=66AD1EB2&_nc_sid=2999b8","elonreevemus9k","https://www.instagram.com/p/C7XbE9ZSkKe/","@gerganaphysics Thank you for your wonderful comment ❤️","2024-07-20T23:58:11.000Z"
"17984720150544187","0","https://instagram.fvns1-1.fna.fbcdn.net/v/t51.2885-19/452138783_386530411206967_3011424076878678766_n.jpg?stp=dst-jpg_s150x150&_nc_ht=instagram.fvns1-1.fna.fbcdn.net&_nc_cat=107&_nc_ohc=Frkyww2oND0Q7kNvgG6ZEQR&gid=b3c90c6531f84998aa8013c45431b1b7&edm=AP_V10EBAAAA&ccb=7-5&oh=00_AYAo0J30MZ5vBlLH8fuxa8CKcxX0p90D7muSPGiVWXo_tQ&oe=66AD1EB2&_nc_sid=2999b8","elonreevemus9k","https://www.instagram.com/p/C7XbE9ZSkKe/","@hermdinger Send me a message now I have a prize for you","2024-07-20T23:58:38.000Z"
"18192621808294879","0","https://instagram.fpdg1-1.fna.fbcdn.net/v/t51.2885-19/44884218_345707102882519_2446069589734326272_n.jpg?_nc_ht=instagram.fpdg1-1.fna.fbcdn.net&_nc_cat=1&_nc_ohc=SVhEq2cnGDoQ7kNvgFPOjcR&edm=AJ9x6zYBAAAA&ccb=7-5&ig_cache_key=YW5vbnltb3VzX3Byb2ZpbGVfcGlj.2-ccb7-5&oh=00_AYB5KNAn4iFXX_HSO30F3IAZgZLRRZB8iiG_h_ETVbsBFQ&oe=66AD220F&_nc_sid=65462d","hein.zmilena","https://www.instagram.com/p/C7XbE9ZSkKe/","❤️","2024-07-22T09:52:09.000Z"
"18066710023574900","0","https://instagram.fvns1-2.fna.fbcdn.net/v/t51.2885-19/446335785_25631733329775382_5763522450602014017_n.jpg?stp=dst-jpg_s150x150&_nc_ht=instagram.fvns1-2.fna.fbcdn.net&_nc_cat=110&_nc_ohc=-ej_1KltD2QQ7kNvgEzTIi-&edm=AP_V10EBAAAA&ccb=7-5&oh=00_AYCTvwibM_4IMDrhN8lxbBr4uuqmgyGx1pKMRd1riBxhSg&oe=66ACFA08&_nc_sid=2999b8","reemroum","https://www.instagram.com/p/C7XbE9ZSkKe/","Fr33 fr33 P@l3st1ne! 🇵🇸🇵🇸🇵🇸🇵🇸🇵🇸🇵🇸🇵🇸","2024-07-25T16:42:49.000Z"
"18040995409806086","0","https://instagram.fvns1-1.fna.fbcdn.net/v/t51.2885-19/453126748_473360398648236_1746374666949305210_n.jpg?stp=dst-jpg_s150x150&_nc_ht=instagram.fvns1-1.fna.fbcdn.net&_nc_cat=100&_nc_ohc=jsZ_EUbLfqIQ7kNvgHYHIfq&edm=AP_V10EBAAAA&ccb=7-5&oh=00_AYCq8eC7_ScP7Yjd-Qwg25Kw0k_UYJqAV1-PdZVsmjTA1w&oe=66ACF89C&_nc_sid=2999b8","lesphinxx","https://www.instagram.com/p/C7XbE9ZSkKe/","🤮🤮🤮🤮🤮🤮🤮🤮🤮🤮","2024-07-26T03:14:01.000Z"
"18052887910688410","0","https://instagram.fvns1-5.fna.fbcdn.net/v/t51.2885-19/435293032_2442793545904095_247407370677756970_n.jpg?stp=dst-jpg_s150x150&_nc_ht=instagram.fvns1-5.fna.fbcdn.net&_nc_cat=103&_nc_ohc=Vh7SykIpWaEQ7kNvgH7EqCs&edm=AP_V10EBAAAA&ccb=7-5&oh=00_AYDp5beh7onM6U0qKTXP9uY8vM0CnLcarIKSRL5ctj4x8A&oe=66AD1149&_nc_sid=2999b8","t.fach_","https://www.instagram.com/p/C7XbE9ZSkKe/","🇵🇸🇵🇸🇵🇸","2024-07-26T15:33:37.000Z"
